-- phpMyAdmin SQL Dump
-- version 5.2.1
-- https://www.phpmyadmin.net/
--
-- Host: localhost
-- Generation Time: Oct 11, 2025 at 07:00 AM
-- Server version: 10.11.13-MariaDB
-- PHP Version: 8.0.30

SET SQL_MODE = "NO_AUTO_VALUE_ON_ZERO";
START TRANSACTION;
SET time_zone = "+00:00";


/*!40101 SET @OLD_CHARACTER_SET_CLIENT=@@CHARACTER_SET_CLIENT */;
/*!40101 SET @OLD_CHARACTER_SET_RESULTS=@@CHARACTER_SET_RESULTS */;
/*!40101 SET @OLD_COLLATION_CONNECTION=@@COLLATION_CONNECTION */;
/*!40101 SET NAMES utf8mb4 */;

--
-- Database: `npms_crm`
--

-- --------------------------------------------------------

--
-- Table structure for table `cache`
--

CREATE TABLE `cache` (
  `key` varchar(255) NOT NULL,
  `value` mediumtext NOT NULL,
  `expiration` int(11) NOT NULL
) ENGINE=InnoDB DEFAULT CHARSET=utf8mb4 COLLATE=utf8mb4_unicode_ci;

--
-- Dumping data for table `cache`
--

INSERT INTO `cache` (`key`, `value`, `expiration`) VALUES
('laravel-cache-admin@gmai.com|127.0.0.1', 'i:2;', 1759643467),
('laravel-cache-admin@gmai.com|127.0.0.1:timer', 'i:1759643467;', 1759643467),
('laravel-cache-cr_asia@gmail.com|103.84.37.231', 'i:1;', 1760165417),
('laravel-cache-cr_asia@gmail.com|103.84.37.231:timer', 'i:1760165417;', 1760165417),
('laravel-cache-user@gmai.com|127.0.0.1', 'i:1;', 1759642457),
('laravel-cache-user@gmai.com|127.0.0.1:timer', 'i:1759642457;', 1759642457);

-- --------------------------------------------------------

--
-- Table structure for table `cache_locks`
--

CREATE TABLE `cache_locks` (
  `key` varchar(255) NOT NULL,
  `owner` varchar(255) NOT NULL,
  `expiration` int(11) NOT NULL
) ENGINE=InnoDB DEFAULT CHARSET=utf8mb4 COLLATE=utf8mb4_unicode_ci;

-- --------------------------------------------------------

--
-- Table structure for table `failed_jobs`
--

CREATE TABLE `failed_jobs` (
  `id` bigint(20) UNSIGNED NOT NULL,
  `uuid` varchar(255) NOT NULL,
  `connection` text NOT NULL,
  `queue` text NOT NULL,
  `payload` longtext NOT NULL,
  `exception` longtext NOT NULL,
  `failed_at` timestamp NOT NULL DEFAULT current_timestamp()
) ENGINE=InnoDB DEFAULT CHARSET=utf8mb4 COLLATE=utf8mb4_unicode_ci;

-- --------------------------------------------------------

--
-- Table structure for table `jobs`
--

CREATE TABLE `jobs` (
  `id` bigint(20) UNSIGNED NOT NULL,
  `queue` varchar(255) NOT NULL,
  `payload` longtext NOT NULL,
  `attempts` tinyint(3) UNSIGNED NOT NULL,
  `reserved_at` int(10) UNSIGNED DEFAULT NULL,
  `available_at` int(10) UNSIGNED NOT NULL,
  `created_at` int(10) UNSIGNED NOT NULL
) ENGINE=InnoDB DEFAULT CHARSET=utf8mb4 COLLATE=utf8mb4_unicode_ci;

-- --------------------------------------------------------

--
-- Table structure for table `job_batches`
--

CREATE TABLE `job_batches` (
  `id` varchar(255) NOT NULL,
  `name` varchar(255) NOT NULL,
  `total_jobs` int(11) NOT NULL,
  `pending_jobs` int(11) NOT NULL,
  `failed_jobs` int(11) NOT NULL,
  `failed_job_ids` longtext NOT NULL,
  `options` mediumtext DEFAULT NULL,
  `cancelled_at` int(11) DEFAULT NULL,
  `created_at` int(11) NOT NULL,
  `finished_at` int(11) DEFAULT NULL
) ENGINE=InnoDB DEFAULT CHARSET=utf8mb4 COLLATE=utf8mb4_unicode_ci;

-- --------------------------------------------------------

--
-- Table structure for table `leads`
--

CREATE TABLE `leads` (
  `id` bigint(20) UNSIGNED NOT NULL,
  `name` varchar(255) DEFAULT NULL,
  `company_name` varchar(255) DEFAULT NULL,
  `location` varchar(255) DEFAULT NULL,
  `phone` varchar(255) DEFAULT NULL,
  `email` varchar(255) DEFAULT NULL,
  `service_id` bigint(20) UNSIGNED NOT NULL,
  `status_id` bigint(20) UNSIGNED NOT NULL,
  `assigned_user_id` bigint(20) UNSIGNED NOT NULL,
  `created_by` bigint(20) UNSIGNED NOT NULL,
  `created_at` timestamp NULL DEFAULT NULL,
  `updated_at` timestamp NULL DEFAULT NULL
) ENGINE=InnoDB DEFAULT CHARSET=utf8mb4 COLLATE=utf8mb4_unicode_ci;

--
-- Dumping data for table `leads`
--

INSERT INTO `leads` (`id`, `name`, `company_name`, `location`, `phone`, `email`, `service_id`, `status_id`, `assigned_user_id`, `created_by`, `created_at`, `updated_at`) VALUES
(1, 'MOHAMMADMUNAYAM SOWDAGOR', 'NIBIZ SOFT', 'Dhaka Dhanmondi', '01968402925', 'rsmmedia66@gmail.com', 1, 1, 1, 1, '2025-10-05 11:18:03', '2025-10-05 11:18:03'),
(2, 'no name', NULL, NULL, '01688979382', NULL, 7, 4, 7, 7, '2025-10-05 11:45:50', '2025-10-05 11:45:50'),
(3, 'tamim hossin', NULL, 'nobabbgonj', '01763239565', NULL, 6, 5, 7, 7, '2025-10-06 04:42:50', '2025-10-06 04:42:50'),
(4, 'sohel mia', NULL, NULL, '01774925151', NULL, 5, 9, 7, 7, '2025-10-06 04:46:59', '2025-10-06 04:46:59'),
(5, 'no name', NULL, NULL, '01733262813', NULL, 6, 7, 7, 7, '2025-10-06 04:52:24', '2025-10-06 04:52:24'),
(6, 'no name', NULL, NULL, '01', NULL, 6, 7, 7, 7, '2025-10-06 05:06:30', '2025-10-06 05:06:30'),
(7, 'no name', NULL, NULL, '01916836873', NULL, 8, 5, 7, 7, '2025-10-06 05:29:05', '2025-10-06 05:29:05'),
(8, 'no name', NULL, NULL, '01718874891', NULL, 7, 9, 7, 7, '2025-10-06 05:42:38', '2025-10-06 05:42:38'),
(9, 'no name', NULL, NULL, '01881212072', NULL, 7, 10, 7, 7, '2025-10-06 05:44:04', '2025-10-06 05:44:04'),
(10, NULL, NULL, NULL, '01762042086', NULL, 7, 7, 7, 7, '2025-10-06 05:46:26', '2025-10-06 05:46:26'),
(11, 'no name', NULL, NULL, '017231540194', NULL, 5, 9, 7, 7, '2025-10-06 05:56:49', '2025-10-06 05:56:49'),
(12, 'no name', NULL, NULL, '01626080210', NULL, 3, 7, 7, 7, '2025-10-06 05:59:31', '2025-10-06 05:59:31'),
(13, 'no name', NULL, 'rajsahi', '01779965391', NULL, 6, 5, 7, 7, '2025-10-06 06:04:20', '2025-10-06 06:04:20'),
(14, 'no name', NULL, NULL, '01611134625', NULL, 7, 7, 7, 7, '2025-10-06 06:07:03', '2025-10-06 06:07:03'),
(15, NULL, NULL, NULL, '01302700660', NULL, 7, 10, 7, 7, '2025-10-06 06:23:43', '2025-10-06 06:23:43'),
(16, NULL, NULL, 'demra', '019115151114', NULL, 7, 2, 7, 7, '2025-10-06 06:26:33', '2025-10-06 06:26:33'),
(17, 'no name', NULL, NULL, '01983139225', NULL, 7, 9, 7, 7, '2025-10-06 06:30:32', '2025-10-06 06:30:32'),
(18, 'no name', NULL, NULL, '01626776394', NULL, 7, 10, 7, 7, '2025-10-06 06:33:14', '2025-10-06 06:33:14'),
(19, 'no name', NULL, 'tongi', '01909003377', NULL, 2, 3, 7, 7, '2025-10-06 06:38:07', '2025-10-06 06:38:07'),
(20, 'no name', NULL, NULL, '01722671122', NULL, 7, 10, 7, 7, '2025-10-06 06:39:27', '2025-10-06 06:39:27'),
(21, 'no name', NULL, NULL, '01725679723', NULL, 7, 10, 7, 7, '2025-10-06 06:41:19', '2025-10-06 06:41:19'),
(22, 'no name', NULL, NULL, '01734652519', NULL, 7, 5, 7, 7, '2025-10-06 06:43:40', '2025-10-06 06:43:40'),
(23, NULL, NULL, NULL, '01911235853', NULL, 3, 3, 7, 7, '2025-10-06 06:46:58', '2025-10-06 06:46:58'),
(24, NULL, NULL, NULL, '01644426148', NULL, 7, 7, 7, 7, '2025-10-06 06:49:48', '2025-10-06 06:49:48'),
(25, 'no name', NULL, 'moymongshi', '01922052000', NULL, 3, 3, 7, 7, '2025-10-06 06:58:53', '2025-10-06 06:58:53'),
(26, 'no name', NULL, NULL, '01920422118', NULL, 7, 8, 7, 7, '2025-10-06 07:00:51', '2025-10-06 07:00:51'),
(27, 'no name', NULL, NULL, '01710262684', NULL, 7, 8, 7, 7, '2025-10-06 07:02:28', '2025-10-06 07:02:28'),
(28, 'no name', NULL, NULL, '01305026363', NULL, 7, 10, 7, 7, '2025-10-06 07:03:49', '2025-10-06 07:03:49'),
(29, 'no name', NULL, NULL, '01987644603', NULL, 3, 4, 7, 7, '2025-10-06 07:06:24', '2025-10-06 07:06:24'),
(30, 'no name', NULL, 'faromget', '01629103269', NULL, 9, 3, 7, 7, '2025-10-06 07:13:12', '2025-10-06 07:13:12'),
(31, 'no name', NULL, NULL, '01736453739', NULL, 7, 9, 7, 7, '2025-10-06 07:16:19', '2025-10-06 07:16:19'),
(32, 'koli', NULL, NULL, '01337297370', NULL, 8, 3, 7, 7, '2025-10-06 07:20:15', '2025-10-06 07:20:15'),
(33, 'no name', NULL, 'moymongshi', '0162', NULL, 7, 3, 7, 7, '2025-10-06 07:22:36', '2025-10-06 07:22:36'),
(34, 'no name', NULL, 'moymongshi', '01602237680', NULL, 3, 3, 7, 7, '2025-10-06 07:24:00', '2025-10-06 07:24:00'),
(35, 'no name', NULL, NULL, '01714047069', NULL, 7, 8, 7, 7, '2025-10-06 08:36:00', '2025-10-06 08:36:00'),
(36, 'no name', NULL, NULL, '01911855960', NULL, 7, 8, 7, 7, '2025-10-06 08:39:23', '2025-10-06 08:39:23'),
(37, 'no name', NULL, NULL, '01999598505', NULL, 7, 9, 7, 7, '2025-10-06 08:41:48', '2025-10-06 08:41:48'),
(38, NULL, NULL, NULL, '01888016396', NULL, 7, 9, 7, 7, '2025-10-06 08:50:09', '2025-10-06 08:50:09'),
(39, 'no name', NULL, NULL, '01304050588', NULL, 7, 7, 7, 7, '2025-10-06 08:52:21', '2025-10-06 08:52:21'),
(40, 'no name', NULL, NULL, '01342291221', NULL, 7, 10, 7, 7, '2025-10-06 08:54:54', '2025-10-06 08:54:54'),
(41, 'no name', NULL, NULL, '01745685803', NULL, 7, 7, 7, 7, '2025-10-06 08:56:51', '2025-10-06 08:56:51'),
(42, 'no name', NULL, NULL, '01770384298', NULL, 7, 9, 7, 7, '2025-10-06 08:58:37', '2025-10-06 08:58:37'),
(43, 'no name', NULL, NULL, '01410222451', NULL, 7, 10, 7, 7, '2025-10-06 08:59:38', '2025-10-06 08:59:38'),
(44, 'no name', NULL, NULL, '01345901102', NULL, 7, 8, 7, 7, '2025-10-06 09:01:53', '2025-10-06 09:01:53'),
(45, 'no name', NULL, NULL, '01303330725', NULL, 7, 9, 7, 7, '2025-10-06 09:04:11', '2025-10-06 09:04:11'),
(46, 'no name', NULL, NULL, '01753581415', NULL, 7, 9, 2, 7, '2025-10-06 09:05:12', '2025-10-06 09:05:12'),
(47, NULL, NULL, NULL, '01796208822', NULL, 7, 7, 7, 7, '2025-10-06 09:06:08', '2025-10-06 09:06:08'),
(48, 'no name', NULL, NULL, '01682928361', NULL, 7, 3, 7, 7, '2025-10-06 09:23:46', '2025-10-06 09:23:46'),
(49, 'no name', NULL, NULL, '01818946526', NULL, 7, 5, 7, 7, '2025-10-06 09:51:53', '2025-10-06 09:51:53'),
(50, NULL, NULL, NULL, '01683227720', NULL, 7, 9, 7, 7, '2025-10-06 09:54:11', '2025-10-06 09:54:11'),
(51, 'no name', NULL, NULL, '01814869927', NULL, 7, 8, 7, 7, '2025-10-06 09:55:35', '2025-10-06 09:55:35'),
(52, 'no name', NULL, NULL, '01972211022', NULL, 7, 9, 7, 7, '2025-10-06 09:57:26', '2025-10-06 09:57:26'),
(53, 'no name', NULL, NULL, '01712289123', NULL, 7, 7, 7, 7, '2025-10-06 09:59:01', '2025-10-06 09:59:01'),
(54, 'no name', NULL, 'pabna', '0171107565', NULL, 7, 7, 7, 7, '2025-10-06 10:21:37', '2025-10-06 10:21:37'),
(55, 'no name', NULL, 'savar', '01901519833', NULL, 7, 7, 7, 7, '2025-10-06 10:32:54', '2025-10-06 10:32:54'),
(56, 'no name', NULL, NULL, '01515205684', NULL, 7, 5, 7, 7, '2025-10-06 10:35:35', '2025-10-06 10:35:35'),
(57, 'no name', NULL, NULL, '01834826048', NULL, 7, 10, 7, 7, '2025-10-06 10:39:26', '2025-10-06 10:39:26'),
(58, 'no name', NULL, NULL, '01724492857', NULL, 7, 9, 7, 7, '2025-10-06 10:39:57', '2025-10-06 10:39:57'),
(59, 'shifat farhana', NULL, NULL, '01714010587', NULL, 7, 9, 7, 7, '2025-10-07 04:28:37', '2025-10-07 04:28:37'),
(60, 'no name', NULL, NULL, '01868500958', NULL, 6, 4, 7, 7, '2025-10-07 04:38:49', '2025-10-07 04:38:49'),
(61, NULL, NULL, NULL, '016138076665', NULL, 6, 7, 7, 7, '2025-10-07 04:44:08', '2025-10-07 04:44:08'),
(62, 'no name', NULL, NULL, '01672427440', NULL, 5, 7, 7, 7, '2025-10-07 05:14:35', '2025-10-07 05:14:35'),
(63, NULL, NULL, NULL, '01783346182', NULL, 7, 3, 7, 7, '2025-10-07 09:56:59', '2025-10-07 09:56:59'),
(64, NULL, NULL, 'netrokona', '01995571300', NULL, 8, 2, 7, 7, '2025-10-07 11:44:55', '2025-10-07 11:44:55'),
(65, 'no name', NULL, 'cumilla', '01781179719', NULL, 6, 3, 7, 7, '2025-10-07 12:55:55', '2025-10-07 12:55:55'),
(66, 'no name', NULL, NULL, '01915118359', NULL, 8, 7, 7, 7, '2025-10-08 06:37:29', '2025-10-08 06:37:29'),
(67, 'no name', NULL, NULL, '01711044599', NULL, 7, 5, 7, 7, '2025-10-08 06:42:46', '2025-10-08 06:42:46'),
(68, 'no name', NULL, 'mugda', '01682210304', NULL, 7, 5, 7, 7, '2025-10-08 06:46:41', '2025-10-08 06:46:41'),
(69, 'az zuman', NULL, NULL, '8801711349890', NULL, 5, 3, 7, 7, '2025-10-08 08:13:05', '2025-10-08 08:13:05'),
(70, 'no name', NULL, NULL, '01819924297', NULL, 6, 3, 7, 7, '2025-10-08 08:23:58', '2025-10-08 08:23:58'),
(71, NULL, NULL, 'bonosri', '0174142178', NULL, 6, 3, 7, 7, '2025-10-08 08:52:01', '2025-10-08 08:52:01'),
(72, 'no name', NULL, NULL, '01`647889952', NULL, 5, 4, 7, 7, '2025-10-08 09:29:43', '2025-10-08 09:29:43'),
(73, NULL, NULL, 'shylet', '01771638885', NULL, 6, 3, 7, 7, '2025-10-08 09:57:47', '2025-10-08 09:57:47'),
(74, 'no name', NULL, NULL, '1955517690', NULL, 8, 4, 7, 7, '2025-10-08 10:08:47', '2025-10-08 10:08:47'),
(75, NULL, NULL, NULL, '1818446270', NULL, 8, 9, 7, 7, '2025-10-08 10:18:32', '2025-10-08 10:18:32'),
(76, NULL, NULL, NULL, '01672441678', NULL, 6, 9, 7, 7, '2025-10-08 10:35:55', '2025-10-08 10:35:55'),
(77, NULL, NULL, NULL, '1612944906', NULL, 8, 7, 7, 7, '2025-10-08 10:37:56', '2025-10-08 10:37:56'),
(78, NULL, NULL, NULL, '1768448268', NULL, 8, 9, 7, 7, '2025-10-08 10:40:23', '2025-10-08 10:40:23'),
(79, NULL, NULL, NULL, '1884007579', NULL, 8, 10, 7, 7, '2025-10-08 10:41:47', '2025-10-08 10:41:47'),
(80, NULL, NULL, NULL, '1776358994', NULL, 8, 10, 7, 7, '2025-10-08 10:42:48', '2025-10-08 10:42:48'),
(81, 'no name', NULL, NULL, '1778717033', NULL, 8, 4, 7, 7, '2025-10-08 10:44:39', '2025-10-08 10:44:39'),
(82, NULL, NULL, NULL, '1797557427', NULL, 8, 4, 7, 7, '2025-10-08 10:49:30', '2025-10-08 10:49:30'),
(83, NULL, NULL, NULL, '1989480018', NULL, 8, 7, 7, 7, '2025-10-08 10:52:00', '2025-10-08 10:52:00'),
(84, NULL, NULL, NULL, '1678113355', NULL, 8, 5, 7, 7, '2025-10-08 10:55:46', '2025-10-08 10:55:46'),
(85, NULL, NULL, NULL, '1905890580', NULL, 8, 10, 7, 7, '2025-10-08 11:06:10', '2025-10-08 11:06:10'),
(86, NULL, NULL, 'uttara diabari', '1790183518', NULL, 8, 5, 7, 7, '2025-10-08 11:11:31', '2025-10-08 11:11:31'),
(87, NULL, NULL, NULL, '1736151298', NULL, 9, 5, 7, 7, '2025-10-08 11:20:43', '2025-10-08 11:20:43'),
(88, NULL, NULL, 'gazipur', '1717862936', NULL, 8, 4, 7, 7, '2025-10-08 11:30:06', '2025-10-08 11:30:06'),
(89, NULL, NULL, NULL, '1716229955', NULL, 8, 9, 7, 7, '2025-10-08 11:32:21', '2025-10-08 11:32:21'),
(90, NULL, NULL, NULL, '1794146743', NULL, 8, 10, 7, 7, '2025-10-08 11:39:35', '2025-10-08 11:39:35'),
(91, NULL, NULL, NULL, '1700809001', NULL, 8, 9, 7, 7, '2025-10-08 12:04:07', '2025-10-08 12:04:07'),
(92, NULL, NULL, NULL, '1992629085', NULL, 8, 7, 7, 7, '2025-10-08 12:07:51', '2025-10-08 12:07:51'),
(93, NULL, NULL, NULL, '01955630361', NULL, 8, 10, 7, 7, '2025-10-08 12:08:45', '2025-10-08 12:08:45'),
(94, NULL, NULL, NULL, '1313261960', NULL, 8, 9, 7, 7, '2025-10-08 12:09:48', '2025-10-08 12:09:48'),
(95, NULL, NULL, NULL, '1631717004', NULL, 8, 7, 7, 7, '2025-10-08 12:10:52', '2025-10-08 12:10:52'),
(96, NULL, NULL, NULL, '1790252855', NULL, 8, 9, 7, 7, '2025-10-08 12:13:33', '2025-10-08 12:13:33'),
(97, NULL, NULL, NULL, '1317244001', NULL, 8, 9, 7, 7, '2025-10-08 12:15:05', '2025-10-08 12:15:05'),
(98, NULL, NULL, NULL, '1785801629', NULL, 8, 9, 7, 7, '2025-10-08 12:16:32', '2025-10-08 12:16:32'),
(99, NULL, NULL, NULL, '1711891205', NULL, 8, 9, 7, 7, '2025-10-08 12:17:42', '2025-10-08 12:17:42'),
(100, NULL, NULL, NULL, '1757873390', NULL, 8, 8, 7, 7, '2025-10-08 12:20:16', '2025-10-08 12:20:16'),
(101, NULL, NULL, NULL, '1736367699', NULL, 8, 9, 7, 7, '2025-10-08 12:22:14', '2025-10-08 12:22:14'),
(102, NULL, NULL, NULL, '1849917736', NULL, 8, 7, 7, 7, '2025-10-08 12:23:38', '2025-10-08 12:23:38'),
(103, NULL, NULL, NULL, '1604024593', NULL, 8, 7, 7, 7, '2025-10-08 12:45:38', '2025-10-08 12:45:38'),
(104, NULL, NULL, NULL, '1730018561', NULL, 8, 10, 7, 7, '2025-10-08 12:46:44', '2025-10-08 12:46:44'),
(105, NULL, NULL, 'UTTARA', '01736367699', NULL, 8, 3, 7, 7, '2025-10-08 12:50:00', '2025-10-08 12:50:00'),
(106, NULL, NULL, NULL, '1925122618', NULL, 8, 7, 7, 7, '2025-10-08 12:53:38', '2025-10-08 12:53:38'),
(107, NULL, NULL, NULL, '1305744879', NULL, 8, 10, 7, 7, '2025-10-08 12:55:00', '2025-10-08 12:55:00'),
(108, NULL, NULL, NULL, '1913044055', NULL, 8, 5, 7, 7, '2025-10-08 12:57:14', '2025-10-08 12:57:14'),
(109, NULL, NULL, NULL, '1831738435', NULL, 8, 8, 7, 7, '2025-10-08 12:58:58', '2025-10-08 12:58:58'),
(110, NULL, NULL, NULL, '1336013759', NULL, 8, 10, 7, 7, '2025-10-08 13:00:07', '2025-10-08 13:00:07'),
(111, NULL, NULL, NULL, '1757802636', NULL, 8, 4, 7, 7, '2025-10-08 13:02:31', '2025-10-08 13:02:31'),
(112, NULL, NULL, NULL, '1401169278', NULL, 8, 5, 7, 7, '2025-10-08 13:04:46', '2025-10-08 13:04:46'),
(113, NULL, NULL, NULL, '01970418494', NULL, 8, 3, 7, 7, '2025-10-08 13:07:58', '2025-10-08 13:07:58'),
(114, 'no name', NULL, 'borisal', '01300761580', NULL, 6, 2, 7, 7, '2025-10-09 05:05:47', '2025-10-09 05:05:47'),
(115, NULL, NULL, NULL, '01317017096', NULL, 10, 3, 7, 7, '2025-10-09 05:14:45', '2025-10-09 05:14:45'),
(116, 'no name', NULL, NULL, '01309979509', NULL, 5, 5, 7, 7, '2025-10-09 05:33:04', '2025-10-09 05:33:04'),
(117, NULL, NULL, NULL, '01712542826', NULL, 5, 9, 7, 7, '2025-10-09 05:50:14', '2025-10-09 05:50:14'),
(118, NULL, NULL, NULL, '01713061974', NULL, 6, 7, 7, 7, '2025-10-09 05:59:16', '2025-10-09 05:59:16'),
(119, NULL, NULL, NULL, '01715718543', NULL, 5, 3, 7, 7, '2025-10-09 06:10:58', '2025-10-09 06:10:58'),
(120, 'no name', NULL, NULL, '01715135385', NULL, 7, 3, 7, 7, '2025-10-09 06:13:47', '2025-10-09 06:13:47'),
(121, NULL, NULL, NULL, '8801874361292', NULL, 5, 7, 7, 7, '2025-10-09 06:22:53', '2025-10-09 06:22:53'),
(122, NULL, NULL, 'sherpur', '88016103655090', NULL, 6, 3, 7, 7, '2025-10-09 06:44:36', '2025-10-09 06:44:36'),
(123, NULL, NULL, NULL, '8801717280586', NULL, 6, 8, 7, 7, '2025-10-09 06:48:46', '2025-10-09 06:48:46'),
(124, 'noyon', NULL, NULL, '8801538355949', NULL, 6, 5, 7, 7, '2025-10-09 06:53:48', '2025-10-09 06:53:48'),
(125, NULL, NULL, NULL, '8801756616349', NULL, 7, 7, 7, 7, '2025-10-09 06:56:52', '2025-10-09 06:56:52'),
(126, NULL, NULL, NULL, '1811872888', NULL, 8, 7, 7, 7, '2025-10-09 08:22:39', '2025-10-09 08:22:39'),
(127, NULL, NULL, NULL, '1711060749', NULL, 8, 9, 7, 7, '2025-10-09 08:24:45', '2025-10-09 08:24:45'),
(128, NULL, NULL, NULL, '1711329433', NULL, 8, 10, 7, 7, '2025-10-09 08:25:55', '2025-10-09 08:25:55'),
(129, NULL, NULL, NULL, '1718996914', NULL, 8, 7, 7, 7, '2025-10-09 08:28:08', '2025-10-09 08:28:08'),
(130, NULL, NULL, NULL, '1924508641', NULL, 8, 7, 7, 7, '2025-10-09 08:29:56', '2025-10-09 08:29:56'),
(131, NULL, NULL, NULL, '1922227301', NULL, 8, 9, 7, 7, '2025-10-09 08:39:34', '2025-10-09 08:39:34'),
(132, NULL, NULL, 'dhamrail', '1728270502', NULL, 8, 7, 7, 7, '2025-10-09 08:41:13', '2025-10-09 08:41:13'),
(133, NULL, NULL, NULL, '1674010400', NULL, 8, 7, 7, 7, '2025-10-09 09:07:42', '2025-10-09 09:07:42'),
(134, NULL, NULL, NULL, '1710156364', NULL, 8, 7, 7, 7, '2025-10-09 09:09:51', '2025-10-09 09:09:51'),
(135, NULL, NULL, 'mirpur', '1724287141', NULL, 8, 3, 7, 7, '2025-10-09 09:14:59', '2025-10-09 09:14:59'),
(136, NULL, NULL, NULL, '1722422599', NULL, 8, 9, 7, 7, '2025-10-09 09:35:44', '2025-10-09 09:35:44'),
(137, 'joy mridha', NULL, 'potuakhali', '01714766755', NULL, 7, 3, 7, 7, '2025-10-09 10:00:53', '2025-10-09 10:00:53'),
(138, NULL, NULL, NULL, '1819507726', NULL, 8, 9, 7, 7, '2025-10-09 10:20:21', '2025-10-09 10:20:21'),
(139, NULL, NULL, NULL, '1768637357', NULL, 8, 9, 7, 7, '2025-10-09 10:23:26', '2025-10-09 10:23:26'),
(140, NULL, NULL, NULL, '1976111500', NULL, 8, 9, 7, 7, '2025-10-09 10:25:41', '2025-10-09 10:25:41'),
(141, NULL, NULL, NULL, '1737763544', NULL, 8, 10, 7, 7, '2025-10-09 10:26:48', '2025-10-09 10:26:48'),
(142, NULL, NULL, NULL, '1660106258', NULL, 8, 7, 7, 7, '2025-10-09 10:28:36', '2025-10-09 10:28:36'),
(143, NULL, NULL, NULL, '1915103298', NULL, 9, 10, 7, 7, '2025-10-09 10:29:59', '2025-10-09 10:29:59'),
(144, NULL, NULL, NULL, '1845163327', NULL, 8, 7, 7, 7, '2025-10-09 10:31:46', '2025-10-09 10:31:46'),
(145, NULL, NULL, NULL, '1775412334', NULL, 8, 9, 7, 7, '2025-10-09 10:36:48', '2025-10-09 10:36:48'),
(146, NULL, NULL, NULL, '1776180909', NULL, 8, 9, 7, 7, '2025-10-09 10:38:17', '2025-10-09 10:38:17'),
(147, NULL, NULL, NULL, '1890873301', NULL, 8, 10, 7, 7, '2025-10-09 10:39:34', '2025-10-09 10:39:34'),
(148, NULL, NULL, NULL, '1686449919', NULL, 8, 9, 7, 7, '2025-10-09 10:41:04', '2025-10-09 10:41:04'),
(149, NULL, NULL, NULL, '1575674009', NULL, 8, 7, 7, 7, '2025-10-09 10:43:18', '2025-10-09 10:43:18'),
(150, NULL, NULL, NULL, '1741664624', NULL, 8, 9, 7, 7, '2025-10-09 10:45:23', '2025-10-09 10:45:23'),
(151, NULL, NULL, NULL, '1845095458', NULL, 8, 9, 7, 7, '2025-10-09 10:46:39', '2025-10-09 10:46:39'),
(152, NULL, NULL, NULL, '1757926784', NULL, 8, 4, 7, 7, '2025-10-09 10:52:51', '2025-10-09 10:52:51'),
(153, NULL, NULL, NULL, '1304406346', NULL, 8, 8, 7, 7, '2025-10-09 10:54:09', '2025-10-09 10:54:09'),
(154, NULL, NULL, NULL, '1846161042', NULL, 8, 4, 7, 7, '2025-10-09 10:58:53', '2025-10-09 10:58:53'),
(155, NULL, NULL, NULL, '1740949340', NULL, 8, 7, 7, 7, '2025-10-09 11:02:47', '2025-10-09 11:02:47'),
(156, NULL, NULL, 'savar', '1864815578', NULL, 8, 3, 7, 7, '2025-10-09 11:06:15', '2025-10-09 11:06:15'),
(157, NULL, NULL, NULL, '1341383413', NULL, 8, 10, 7, 7, '2025-10-09 11:14:05', '2025-10-09 11:14:05'),
(158, NULL, NULL, NULL, '1723475237', NULL, 8, 9, 7, 7, '2025-10-09 11:16:28', '2025-10-09 11:16:28'),
(159, NULL, NULL, 'bonani', '01710672453', NULL, 8, 3, 7, 7, '2025-10-09 11:25:26', '2025-10-09 11:25:26'),
(160, NULL, NULL, NULL, '1301123920', NULL, 8, 9, 7, 7, '2025-10-09 11:33:05', '2025-10-09 11:33:05'),
(161, NULL, NULL, NULL, '1536250512', NULL, 8, 3, 7, 7, '2025-10-09 11:36:00', '2025-10-09 11:36:00'),
(162, NULL, NULL, NULL, '1889922844', NULL, 8, 9, 7, 7, '2025-10-09 11:55:45', '2025-10-09 11:55:45'),
(163, NULL, NULL, NULL, '1612324127', NULL, 8, 9, 7, 7, '2025-10-09 11:57:19', '2025-10-09 11:57:19'),
(164, NULL, NULL, NULL, '01913044055', NULL, 8, 7, 7, 7, '2025-10-09 12:00:23', '2025-10-09 12:00:23'),
(165, NULL, NULL, NULL, '1610508822', NULL, 8, 10, 7, 7, '2025-10-09 12:01:56', '2025-10-09 12:01:56'),
(166, NULL, NULL, NULL, '1405981828', NULL, 8, 10, 7, 7, '2025-10-09 12:03:11', '2025-10-09 12:03:11'),
(167, NULL, NULL, NULL, '1737251100', NULL, 8, 3, 7, 7, '2025-10-09 12:05:07', '2025-10-09 12:05:07'),
(168, NULL, NULL, NULL, '1890565356', NULL, 8, 3, 7, 7, '2025-10-09 12:08:24', '2025-10-09 12:08:24'),
(169, NULL, NULL, NULL, '1712534653', NULL, 8, 10, 7, 7, '2025-10-09 12:10:22', '2025-10-09 12:10:22'),
(170, NULL, NULL, NULL, '1934685771', NULL, 8, 9, 7, 7, '2025-10-09 12:28:39', '2025-10-09 12:28:39'),
(171, NULL, NULL, NULL, '1854311873', NULL, 8, 9, 7, 7, '2025-10-09 12:39:29', '2025-10-09 12:39:29'),
(172, NULL, NULL, NULL, '1648872670', NULL, 8, 9, 7, 7, '2025-10-09 12:41:29', '2025-10-09 12:41:29'),
(173, NULL, NULL, NULL, '01752624994', NULL, 8, 3, 7, 7, '2025-10-09 12:45:01', '2025-10-09 12:45:01'),
(174, NULL, NULL, 'chittagong', '01861946571', NULL, 5, 3, 7, 7, '2025-10-09 13:11:49', '2025-10-09 13:11:49'),
(175, NULL, NULL, 'borisal', '01739365612', NULL, 5, 3, 7, 7, '2025-10-09 13:20:54', '2025-10-09 13:20:54'),
(176, 'nurur rahman', NULL, 'chittagon', '01406071268', NULL, 7, 3, 7, 7, '2025-10-11 04:58:07', '2025-10-11 04:58:07'),
(177, NULL, NULL, 'savar', '01849961387', NULL, 7, 3, 7, 7, '2025-10-11 05:07:00', '2025-10-11 05:07:00'),
(178, NULL, NULL, NULL, '01876465767', NULL, 6, 9, 7, 7, '2025-10-11 05:28:30', '2025-10-11 05:28:30'),
(179, NULL, NULL, 'bonani', '01568628120', NULL, 6, 3, 7, 7, '2025-10-11 05:35:09', '2025-10-11 05:35:09'),
(180, NULL, NULL, NULL, '01717815153', NULL, 6, 7, 7, 7, '2025-10-11 05:54:54', '2025-10-11 05:54:54'),
(181, NULL, NULL, NULL, '01303082547', NULL, 8, 9, 7, 7, '2025-10-11 05:58:51', '2025-10-11 05:58:51'),
(182, NULL, NULL, 'khilgao', '0191480132', NULL, 5, 3, 7, 7, '2025-10-11 06:10:48', '2025-10-11 06:10:48'),
(183, NULL, NULL, 'NOogaw', '01713667189', NULL, 5, 3, 7, 7, '2025-10-11 06:15:53', '2025-10-11 06:15:53');

-- --------------------------------------------------------

--
-- Table structure for table `lead_details`
--

CREATE TABLE `lead_details` (
  `id` bigint(20) UNSIGNED NOT NULL,
  `lead_id` bigint(20) UNSIGNED NOT NULL,
  `call_followup_date` date NOT NULL,
  `call_followup_summary` text NOT NULL,
  `next_call_date` date DEFAULT NULL,
  `called_at` timestamp NULL DEFAULT NULL,
  `created_by` bigint(20) UNSIGNED NOT NULL,
  `assigned_to` bigint(20) UNSIGNED DEFAULT NULL,
  `created_at` timestamp NULL DEFAULT NULL,
  `updated_at` timestamp NULL DEFAULT NULL
) ENGINE=InnoDB DEFAULT CHARSET=utf8mb4 COLLATE=utf8mb4_unicode_ci;

--
-- Dumping data for table `lead_details`
--

INSERT INTO `lead_details` (`id`, `lead_id`, `call_followup_date`, `call_followup_summary`, `next_call_date`, `called_at`, `created_by`, `assigned_to`, `created_at`, `updated_at`) VALUES
(1, 1, '2025-10-05', 'dfgdg', '2025-10-24', '2025-10-05 11:18:27', 1, NULL, '2025-10-05 11:18:27', '2025-10-05 11:18:27'),
(2, 2, '2025-10-05', 'dc jante cayce', '2025-10-06', '2025-10-05 11:47:25', 7, NULL, '2025-10-05 11:47:25', '2025-10-05 11:47:25'),
(3, 3, '2025-10-06', 'bolce janabe travel korte cacce usa india visa ace shudhu', '2025-10-08', '2025-10-06 04:43:37', 7, NULL, '2025-10-06 04:43:37', '2025-10-06 04:43:37'),
(4, 7, '2025-10-06', 'uni bolce e softoware niye kotha colce nile janabe', NULL, '2025-10-06 05:29:49', 7, NULL, '2025-10-06 05:29:49', '2025-10-06 05:29:49'),
(5, 12, '2025-10-06', 'facebook follower lagbe', NULL, '2025-10-06 05:59:57', 7, NULL, '2025-10-06 05:59:57', '2025-10-06 05:59:57'),
(6, 14, '2025-10-06', 'onno kothaw theke sirvice niye nice', NULL, '2025-10-06 06:07:32', 7, NULL, '2025-10-06 06:07:32', '2025-10-06 06:07:32'),
(7, 16, '2025-10-06', 'demo sent dekhe janab', '2025-10-08', '2025-10-06 06:26:56', 7, NULL, '2025-10-06 06:26:56', '2025-10-06 06:26:56'),
(8, 19, '2025-10-06', 'porshudin asbe ey diked', '2025-10-08', '2025-10-06 06:38:27', 7, NULL, '2025-10-06 06:38:27', '2025-10-06 06:38:27'),
(9, 22, '2025-10-06', 'janabe bolce free hoye', '2025-10-08', '2025-10-06 06:44:00', 7, NULL, '2025-10-06 06:44:00', '2025-10-06 06:44:00'),
(10, 23, '2025-10-06', '1 month por degital marketing lagbe', '2025-11-03', '2025-10-06 06:47:39', 7, NULL, '2025-10-06 06:47:39', '2025-10-06 06:47:39'),
(11, 25, '2025-10-06', 'ey month er moddhe office e asbe', '2025-10-20', '2025-10-06 06:59:21', 7, NULL, '2025-10-06 06:59:21', '2025-10-06 06:59:21'),
(12, 26, '2025-10-06', 'biman ace', '2025-10-07', '2025-10-06 07:01:18', 7, NULL, '2025-10-06 07:01:18', '2025-10-06 07:01:18'),
(13, 27, '2025-10-06', 'line busy', '2025-10-07', '2025-10-06 07:02:44', 7, NULL, '2025-10-06 07:02:44', '2025-10-06 07:02:44'),
(14, 29, '2025-10-06', 'dc sent deklhe janabe', '2025-10-08', '2025-10-06 07:06:40', 7, NULL, '2025-10-06 07:06:40', '2025-10-06 07:06:40'),
(15, 30, '2025-10-06', 'tuesday  sturday aste pare busness plan', '2025-10-09', '2025-10-06 07:14:08', 7, NULL, '2025-10-06 07:14:08', '2025-10-06 07:14:08'),
(16, 32, '2025-10-06', 'boshundhoray n block e flat lagbe', '2025-10-08', '2025-10-06 07:20:45', 7, NULL, '2025-10-06 07:20:45', '2025-10-06 07:20:45'),
(17, 34, '2025-10-06', '19 tarikh asbe digital marketing plan', '2025-10-19', '2025-10-06 07:24:31', 7, NULL, '2025-10-06 07:24:31', '2025-10-06 07:24:31'),
(18, 31, '2025-10-06', '3 din por cl nibe janabe', '2025-10-10', '2025-10-06 08:04:22', 7, NULL, '2025-10-06 08:04:22', '2025-10-06 08:04:22'),
(19, 35, '2025-10-06', 'busy text korte bolce', '2025-10-07', '2025-10-06 08:36:30', 7, NULL, '2025-10-06 08:36:30', '2025-10-06 08:36:30'),
(20, 44, '2025-10-06', 'pore cl dibe', NULL, '2025-10-06 09:02:06', 7, NULL, '2025-10-06 09:02:06', '2025-10-06 09:02:06'),
(21, 41, '2025-10-06', 'onno l\nkothaw kore pelce', NULL, '2025-10-06 09:02:51', 7, NULL, '2025-10-06 09:02:51', '2025-10-06 09:02:51'),
(22, 48, '2025-10-06', 'sir er sathe kotha 3 din por cl', '2025-10-09', '2025-10-06 09:24:47', 7, NULL, '2025-10-06 09:24:47', '2025-10-06 09:24:47'),
(23, 49, '2025-10-06', 'pore cl busy ace requiremeent ace', '2025-10-07', '2025-10-06 09:52:19', 7, NULL, '2025-10-06 09:52:19', '2025-10-06 09:52:19'),
(24, 51, '2025-10-06', 'cl dhore ktha bole ni', NULL, '2025-10-06 09:55:50', 7, NULL, '2025-10-06 09:55:50', '2025-10-06 09:55:50'),
(25, 53, '2025-10-06', 'onno kothaw jukto hoye gece', NULL, '2025-10-06 09:59:22', 7, NULL, '2025-10-06 09:59:22', '2025-10-06 09:59:22'),
(26, 50, '2025-10-06', 'no need', NULL, '2025-10-06 10:05:21', 7, NULL, '2025-10-06 10:05:21', '2025-10-06 10:05:21'),
(27, 56, '2025-10-06', 'unar offfice theke cl dibe', NULL, '2025-10-06 10:35:52', 7, NULL, '2025-10-06 10:35:52', '2025-10-06 10:35:52'),
(28, 60, '2025-10-07', 'kotha bole janabe', NULL, '2025-10-07 04:39:17', 7, NULL, '2025-10-07 04:39:17', '2025-10-07 04:39:17'),
(29, 61, '2025-10-07', 'cost beshi bole', NULL, '2025-10-07 05:13:23', 7, NULL, '2025-10-07 05:13:23', '2025-10-07 05:13:23'),
(30, 62, '2025-10-07', 'unar sob kore dite sudhu passprot dibe', NULL, '2025-10-07 05:15:03', 7, NULL, '2025-10-07 05:15:03', '2025-10-07 05:15:03'),
(31, 63, '2025-10-07', 'sir er sathe kotha bolce asbe na hoy janabe 7.10', '2025-10-09', '2025-10-07 09:58:38', 7, NULL, '2025-10-07 09:58:38', '2025-10-07 09:58:38'),
(32, 64, '2025-10-07', 'uni dokan vara cayce', NULL, '2025-10-07 11:45:15', 7, NULL, '2025-10-07 11:45:15', '2025-10-07 11:45:15'),
(33, 65, '2025-10-07', 'kotha bolci 10 lakh taka eta niyey voy pacce tarpor o bolce janabe', NULL, '2025-10-07 12:56:53', 7, NULL, '2025-10-07 12:56:53', '2025-10-07 12:56:53'),
(34, 65, '2025-10-07', '10 lakh taka lagbe eta niyey didha tarpor o janabe', '2025-10-13', '2025-10-07 12:57:46', 7, NULL, '2025-10-07 12:57:46', '2025-10-07 12:57:46'),
(35, 67, '2025-10-08', 'office e ktha ble janabe website thik korbe', '2025-10-09', '2025-10-08 06:43:19', 7, NULL, '2025-10-08 06:43:19', '2025-10-08 06:43:19'),
(36, 68, '2025-10-08', 'friday te sokale jogajog korbe asl;e', '2025-10-10', '2025-10-08 06:47:23', 7, NULL, '2025-10-08 06:47:23', '2025-10-08 06:47:23'),
(37, 69, '2025-10-08', 'v.d office december e asbe', '2025-11-28', '2025-10-08 08:14:55', 7, NULL, '2025-10-08 08:14:55', '2025-10-08 08:14:55'),
(38, 70, '2025-10-08', 'uni ey  month er shese asbe  chitagong theke age 50 +', NULL, '2025-10-08 08:25:04', 7, NULL, '2025-10-08 08:25:04', '2025-10-08 08:25:04'),
(39, 71, '2025-10-08', 'uni unar vai k niye akdin office e asbe', '2025-10-18', '2025-10-08 08:52:44', 7, NULL, '2025-10-08 08:52:44', '2025-10-08 08:52:44'),
(40, 72, '2025-10-08', 'dhaka asle asbe', '2025-10-15', '2025-10-08 09:30:15', 7, NULL, '2025-10-08 09:30:15', '2025-10-08 09:30:15'),
(41, 73, '2025-10-08', 'office aste bolci asbe', '2025-10-20', '2025-10-08 09:58:10', 7, NULL, '2025-10-08 09:58:10', '2025-10-08 09:58:10'),
(42, 74, '2025-10-08', 'dc sent dekhe janabe hole', '2025-10-11', '2025-10-08 10:09:19', 7, NULL, '2025-10-08 10:09:19', '2025-10-08 10:09:19'),
(43, 75, '2025-10-08', 'pore cl', '2025-10-11', '2025-10-08 10:18:51', 7, NULL, '2025-10-08 10:18:51', '2025-10-08 10:18:51'),
(44, 81, '2025-10-08', 'dc sent', '2025-10-11', '2025-10-08 10:44:58', 7, NULL, '2025-10-08 10:44:58', '2025-10-08 10:44:58'),
(45, 82, '2025-10-08', 'dc sent dekhe janabe', '2025-10-11', '2025-10-08 10:49:52', 7, NULL, '2025-10-08 10:49:52', '2025-10-08 10:49:52'),
(46, 84, '2025-10-08', 'pore cl diye janabe bolce busy ace', '2025-10-11', '2025-10-08 10:56:11', 7, NULL, '2025-10-08 10:56:11', '2025-10-08 10:56:11'),
(47, 86, '2025-10-08', 'pore cl dibo janabe bolce', '2025-10-11', '2025-10-08 11:12:37', 7, NULL, '2025-10-08 11:12:37', '2025-10-08 11:12:37'),
(48, 87, '2025-10-08', 'janabe bolce free hoye', '2025-10-11', '2025-10-08 11:21:10', 7, NULL, '2025-10-08 11:21:10', '2025-10-08 11:21:10'),
(49, 88, '2025-10-08', 'dc sent softowre lead lagbe dc dekhe janaBE', '2025-10-11', '2025-10-08 11:30:47', 7, NULL, '2025-10-08 11:30:47', '2025-10-08 11:30:47'),
(50, 99, '2025-10-08', 'NO NEED', NULL, '2025-10-08 12:18:38', 7, NULL, '2025-10-08 12:18:38', '2025-10-08 12:18:38'),
(51, 96, '2025-10-08', 'NO NEED', NULL, '2025-10-08 12:42:13', 7, NULL, '2025-10-08 12:42:13', '2025-10-08 12:42:13'),
(52, 105, '2025-10-08', 'uttarate job kore bolce asbe ek somoy', '2025-10-13', '2025-10-08 12:50:42', 7, NULL, '2025-10-08 12:50:42', '2025-10-08 12:50:42'),
(53, 108, '2025-10-08', 'website vai korce kotha bole janabe', '2025-10-11', '2025-10-08 12:57:38', 7, NULL, '2025-10-08 12:57:38', '2025-10-08 12:57:38'),
(54, 109, '2025-10-08', 'basay jeye cl dibe', '2025-10-11', '2025-10-08 12:59:13', 7, NULL, '2025-10-08 12:59:13', '2025-10-08 12:59:13'),
(55, 111, '2025-10-08', 'dc sent dekhe janabe', NULL, '2025-10-08 13:02:43', 7, NULL, '2025-10-08 13:02:43', '2025-10-08 13:02:43'),
(56, 112, '2025-10-08', '2 month por lagbe', '2025-12-11', '2025-10-08 13:05:20', 7, NULL, '2025-10-08 13:05:20', '2025-10-08 13:05:20'),
(57, 113, '2025-10-08', 'land mark towr niye kotha', NULL, '2025-10-08 13:08:18', 7, NULL, '2025-10-08 13:08:18', '2025-10-08 13:08:18'),
(58, 114, '2025-10-09', 'psd korte cacce student visa', NULL, '2025-10-09 05:06:18', 7, NULL, '2025-10-09 05:06:18', '2025-10-09 05:06:18'),
(59, 115, '2025-10-09', 'malti plan dc jance office location sent asbe bolce', '2025-10-14', '2025-10-09 05:15:29', 7, NULL, '2025-10-09 05:15:29', '2025-10-09 05:15:29'),
(60, 116, '2025-10-09', 'uni dk jodi ase asbe rejact ace canada', '2025-10-30', '2025-10-09 05:35:20', 7, NULL, '2025-10-09 05:35:20', '2025-10-09 05:35:20'),
(61, 118, '2025-10-09', 'EB 2 4/5 lakh taka khoroc bolce sob mile', NULL, '2025-10-09 06:00:11', 7, NULL, '2025-10-09 06:00:11', '2025-10-09 06:00:11'),
(62, 119, '2025-10-09', 'uni asbe bolce v.d korbe age 55 bank support dite hobe', '2025-10-20', '2025-10-09 06:13:03', 7, NULL, '2025-10-09 06:13:03', '2025-10-09 06:13:03'),
(63, 120, '2025-10-09', 'samner week e office e asbe', '2025-10-13', '2025-10-09 06:14:16', 7, NULL, '2025-10-09 06:14:16', '2025-10-09 06:14:16'),
(64, 122, '2025-10-09', 'location sent dhaka asle asbe', '2025-10-25', '2025-10-09 06:45:10', 7, NULL, '2025-10-09 06:45:10', '2025-10-09 06:45:10'),
(65, 123, '2025-10-09', 'busy ace pore cl', NULL, '2025-10-09 06:49:09', 7, NULL, '2025-10-09 06:49:09', '2025-10-09 06:49:09'),
(66, 124, '2025-10-09', 'basay kotha  ble janabe', '2025-10-13', '2025-10-09 06:54:28', 7, NULL, '2025-10-09 06:54:28', '2025-10-09 06:54:28'),
(67, 126, '2025-10-09', 'niye nice softwre', NULL, '2025-10-09 08:23:04', 7, NULL, '2025-10-09 08:23:04', '2025-10-09 08:23:04'),
(68, 132, '2025-10-09', 'unoi asbe office llocation sent', '2025-10-13', '2025-10-09 08:43:21', 7, NULL, '2025-10-09 08:43:21', '2025-10-09 08:43:21'),
(69, 135, '2025-10-09', 'uni jogajog korbe 1 month por software lagbe', '2025-11-20', '2025-10-09 09:15:44', 7, NULL, '2025-10-09 09:15:44', '2025-10-09 09:15:44'),
(70, 131, '2025-10-09', 'pore lagle jogajopg korbe', '2025-10-30', '2025-10-09 09:59:41', 7, NULL, '2025-10-09 09:59:41', '2025-10-09 09:59:41'),
(71, 137, '2025-10-09', 'janabe bolce dc sent munayem kotha bolce janabe', '2025-10-15', '2025-10-09 10:01:36', 7, NULL, '2025-10-09 10:01:36', '2025-10-09 10:01:36'),
(72, 144, '2025-10-09', 'hoye gece kaj', NULL, '2025-10-09 10:32:04', 7, NULL, '2025-10-09 10:32:04', '2025-10-09 10:32:04'),
(73, 152, '2025-10-09', 'lagle janabe', NULL, '2025-10-09 10:53:13', 7, NULL, '2025-10-09 10:53:13', '2025-10-09 10:53:13'),
(74, 154, '2025-10-09', 'dc pathiyeci dekhe janabe', '2025-10-11', '2025-10-09 10:59:19', 7, NULL, '2025-10-09 10:59:19', '2025-10-09 10:59:19'),
(75, 156, '2025-10-09', 'samner week e office e asbe', '2025-10-14', '2025-10-09 11:06:39', 7, NULL, '2025-10-09 11:06:39', '2025-10-09 11:06:39'),
(76, 159, '2025-10-09', 'sir k cine uni asben real estate busness plan niye', '2025-10-29', '2025-10-09 11:26:08', 7, NULL, '2025-10-09 11:26:08', '2025-10-09 11:26:08'),
(77, 161, '2025-10-09', 'dc location pathayci uni asbe akdin', '2025-10-25', '2025-10-09 11:37:45', 7, NULL, '2025-10-09 11:37:45', '2025-10-09 11:37:45'),
(78, 167, '2025-10-09', 'january te lagbe', '2026-01-02', '2025-10-09 12:05:38', 7, NULL, '2025-10-09 12:05:38', '2025-10-09 12:05:38'),
(79, 168, '2025-10-09', 'pdf pathabe dekhe janabo', NULL, '2025-10-09 12:10:42', 7, NULL, '2025-10-09 12:10:42', '2025-10-09 12:10:42'),
(80, 173, '2025-10-09', 'jodi ney janabe bolce', '2025-10-23', '2025-10-09 12:45:23', 7, NULL, '2025-10-09 12:45:23', '2025-10-09 12:45:23'),
(81, 168, '2025-10-09', 'sir er sathe kotha hoyce sire phone cl  dice kotha hoyce', NULL, '2025-10-09 13:00:11', 7, NULL, '2025-10-09 13:00:11', '2025-10-09 13:00:11'),
(82, 174, '2025-10-09', 'jodi ase dhaka knock korbe', '2025-10-31', '2025-10-09 13:12:16', 7, NULL, '2025-10-09 13:12:16', '2025-10-09 13:12:16'),
(83, 175, '2025-10-09', 'uni et month shese dk asle asbe', '2025-10-24', '2025-10-09 13:21:22', 7, NULL, '2025-10-09 13:21:22', '2025-10-09 13:21:22'),
(84, 176, '2025-10-11', 'kalk confrime korbe sir er sathe kotha', '2025-10-12', '2025-10-11 04:58:41', 7, NULL, '2025-10-11 04:58:41', '2025-10-11 04:58:41'),
(85, 177, '2025-10-11', 'janabe bolce sir er sthe ktha', '2025-10-13', '2025-10-11 05:07:44', 7, NULL, '2025-10-11 05:07:44', '2025-10-11 05:07:44'),
(86, 179, '2025-10-11', 'office e aste bolci', '2025-10-21', '2025-10-11 05:35:26', 7, NULL, '2025-10-11 05:35:26', '2025-10-11 05:35:26'),
(87, 182, '2025-10-11', 'bolce je asbe 3 FDIN POR CL', '2025-10-14', '2025-10-11 06:11:20', 7, NULL, '2025-10-11 06:11:20', '2025-10-11 06:11:20'),
(88, 183, '2025-10-11', 'asbe uni  ey week e som mongol bar', '2025-10-14', '2025-10-11 06:16:33', 7, NULL, '2025-10-11 06:16:33', '2025-10-11 06:16:33');

-- --------------------------------------------------------

--
-- Table structure for table `migrations`
--

CREATE TABLE `migrations` (
  `id` int(10) UNSIGNED NOT NULL,
  `migration` varchar(255) NOT NULL,
  `batch` int(11) NOT NULL
) ENGINE=InnoDB DEFAULT CHARSET=utf8mb4 COLLATE=utf8mb4_unicode_ci;

--
-- Dumping data for table `migrations`
--

INSERT INTO `migrations` (`id`, `migration`, `batch`) VALUES
(1, '0001_01_01_000000_create_users_table', 1),
(2, '0001_01_01_000001_create_cache_table', 1),
(3, '0001_01_01_000002_create_jobs_table', 1),
(4, '2025_10_04_062755_create_services_table', 1),
(5, '2025_10_04_062757_create_statuses_table', 1),
(6, '2025_10_04_062759_create_leads_table', 1),
(7, '2025_10_04_062802_create_lead_details_table', 1),
(8, '2025_10_04_081438_create_permissions_table', 1),
(9, '2025_10_04_081441_create_user_permissions_table', 1),
(10, '2025_10_04_123632_update_leads_table_phone_email_nullable', 1),
(11, '2025_10_05_064406_add_call_tracking_columns_to_lead_details_table', 1),
(12, '2025_10_05_072304_make_name_nullable_in_leads_table', 1),
(13, '2025_10_05_072430_add_location_to_leads_table', 1),
(14, '2025_10_05_072304_make_name_nullable_in_leads_table', 5),
(15, '2025_10_05_072430_add_location_to_leads_table', 6);

-- --------------------------------------------------------

--
-- Table structure for table `password_reset_tokens`
--

CREATE TABLE `password_reset_tokens` (
  `email` varchar(255) NOT NULL,
  `token` varchar(255) NOT NULL,
  `created_at` timestamp NULL DEFAULT NULL
) ENGINE=InnoDB DEFAULT CHARSET=utf8mb4 COLLATE=utf8mb4_unicode_ci;

-- --------------------------------------------------------

--
-- Table structure for table `permissions`
--

CREATE TABLE `permissions` (
  `id` bigint(20) UNSIGNED NOT NULL,
  `module` varchar(255) NOT NULL,
  `action` varchar(255) NOT NULL,
  `created_at` timestamp NULL DEFAULT NULL,
  `updated_at` timestamp NULL DEFAULT NULL
) ENGINE=InnoDB DEFAULT CHARSET=utf8mb4 COLLATE=utf8mb4_unicode_ci;

--
-- Dumping data for table `permissions`
--

INSERT INTO `permissions` (`id`, `module`, `action`, `created_at`, `updated_at`) VALUES
(1, 'dashboard', 'view', '2025-10-04 08:48:54', '2025-10-04 08:48:54'),
(2, 'leads', 'view', '2025-10-04 08:48:54', '2025-10-04 08:48:54'),
(3, 'leads', 'create', '2025-10-04 08:48:54', '2025-10-04 08:48:54'),
(4, 'leads', 'edit', '2025-10-04 08:48:54', '2025-10-04 08:48:54'),
(5, 'leads', 'delete', '2025-10-04 08:48:54', '2025-10-04 08:48:54'),
(6, 'services', 'view', '2025-10-04 08:48:54', '2025-10-04 08:48:54'),
(7, 'services', 'create', '2025-10-04 08:48:54', '2025-10-04 08:48:54'),
(8, 'services', 'edit', '2025-10-04 08:48:54', '2025-10-04 08:48:54'),
(9, 'services', 'delete', '2025-10-04 08:48:54', '2025-10-04 08:48:54'),
(10, 'statuses', 'view', '2025-10-04 08:48:54', '2025-10-04 08:48:54'),
(11, 'statuses', 'create', '2025-10-04 08:48:54', '2025-10-04 08:48:54'),
(12, 'statuses', 'edit', '2025-10-04 08:48:54', '2025-10-04 08:48:54');

-- --------------------------------------------------------

--
-- Table structure for table `services`
--

CREATE TABLE `services` (
  `id` bigint(20) UNSIGNED NOT NULL,
  `name` varchar(255) NOT NULL,
  `created_by` bigint(20) UNSIGNED NOT NULL,
  `created_at` timestamp NULL DEFAULT NULL,
  `updated_at` timestamp NULL DEFAULT NULL
) ENGINE=InnoDB DEFAULT CHARSET=utf8mb4 COLLATE=utf8mb4_unicode_ci;

--
-- Dumping data for table `services`
--

INSERT INTO `services` (`id`, `name`, `created_by`, `created_at`, `updated_at`) VALUES
(1, 'Website Development', 1, '2025-10-04 07:10:44', '2025-10-09 05:09:52'),
(2, 'Mobile App Development', 1, '2025-10-04 07:10:44', '2025-10-04 07:10:44'),
(3, 'Digital Marketing', 1, '2025-10-04 07:10:44', '2025-10-04 07:10:44'),
(5, 'Travel Doctor - Visit', 2, '2025-10-05 07:38:58', '2025-10-05 07:38:58'),
(6, 'Travel Doctor - Work Permit', 2, '2025-10-05 07:39:15', '2025-10-05 07:39:15'),
(7, 'Ecommerce', 2, '2025-10-05 07:39:46', '2025-10-05 07:39:46'),
(8, 'Real Estate Erp', 2, '2025-10-05 07:40:03', '2025-10-05 07:40:03'),
(9, 'Custom Soulutions', 2, '2025-10-05 07:40:20', '2025-10-05 07:40:20'),
(10, 'Real Estate Client', 1, '2025-10-09 05:09:18', '2025-10-09 05:09:18');

-- --------------------------------------------------------

--
-- Table structure for table `sessions`
--

CREATE TABLE `sessions` (
  `id` varchar(255) NOT NULL,
  `user_id` bigint(20) UNSIGNED DEFAULT NULL,
  `ip_address` varchar(45) DEFAULT NULL,
  `user_agent` text DEFAULT NULL,
  `payload` longtext NOT NULL,
  `last_activity` int(11) NOT NULL
) ENGINE=InnoDB DEFAULT CHARSET=utf8mb4 COLLATE=utf8mb4_unicode_ci;

--
-- Dumping data for table `sessions`
--

INSERT INTO `sessions` (`id`, `user_id`, `ip_address`, `user_agent`, `payload`, `last_activity`) VALUES
('i45vqBKaxLUD2ET7gPoF15UPyYGuZKtktGlf5BWE', 7, '103.84.37.231', 'Mozilla/5.0 (Windows NT 10.0; Win64; x64) AppleWebKit/537.36 (KHTML, like Gecko) Chrome/141.0.0.0 Safari/537.36', 'YTo1OntzOjY6Il90b2tlbiI7czo0MDoiaEtrSkVlclRMQ3VlNUdIVnlvS0lDQ0MyMnkyRE9VMTA3UXgwMllkWSI7czo5OiJfcHJldmlvdXMiO2E6MTp7czozOiJ1cmwiO3M6NTQ6Imh0dHBzOi8vY3JtLm5wbXMucHJvL2FwaS9sZWFkcy8xODMvY2FsbC1oaXN0b3J5LXB1YmxpYyI7fXM6NjoiX2ZsYXNoIjthOjI6e3M6Mzoib2xkIjthOjA6e31zOjM6Im5ldyI7YTowOnt9fXM6MzoidXJsIjthOjA6e31zOjUwOiJsb2dpbl93ZWJfNTliYTM2YWRkYzJiMmY5NDAxNTgwZjAxNGM3ZjU4ZWE0ZTMwOTg5ZCI7aTo3O30=', 1760165479),
('lXimMII1t9M2vR3bPghH7zyKTcwJZG1FzeCL2XQY', 7, '103.84.37.231', 'Mozilla/5.0 (Macintosh; Intel Mac OS X 10_15_7) AppleWebKit/537.36 (KHTML, like Gecko) Chrome/141.0.0.0 Safari/537.36', 'YTo1OntzOjY6Il90b2tlbiI7czo0MDoiV2lic2laR3V5Ym1kcGlLQXNuYU1wUTQ4VzhUcVh0NnVyQXlvWHVsMSI7czo2OiJfZmxhc2giO2E6Mjp7czozOiJvbGQiO2E6MDp7fXM6MzoibmV3IjthOjA6e319czozOiJ1cmwiO2E6MDp7fXM6NTA6ImxvZ2luX3dlYl81OWJhMzZhZGRjMmIyZjk0MDE1ODBmMDE0YzdmNThlYTRlMzA5ODlkIjtpOjc7czo5OiJfcHJldmlvdXMiO2E6MTp7czozOiJ1cmwiO3M6MzA6Imh0dHBzOi8vY3JtLm5wbXMucHJvL2Rhc2hib2FyZCI7fX0=', 1760165410);

-- --------------------------------------------------------

--
-- Table structure for table `statuses`
--

CREATE TABLE `statuses` (
  `id` bigint(20) UNSIGNED NOT NULL,
  `name` varchar(255) NOT NULL,
  `created_by` bigint(20) UNSIGNED NOT NULL,
  `created_at` timestamp NULL DEFAULT NULL,
  `updated_at` timestamp NULL DEFAULT NULL
) ENGINE=InnoDB DEFAULT CHARSET=utf8mb4 COLLATE=utf8mb4_unicode_ci;

--
-- Dumping data for table `statuses`
--

INSERT INTO `statuses` (`id`, `name`, `created_by`, `created_at`, `updated_at`) VALUES
(1, 'New', 1, '2025-10-04 07:10:44', '2025-10-04 07:10:44'),
(2, 'Contacted', 1, '2025-10-04 07:10:44', '2025-10-04 07:10:44'),
(3, 'Qualified', 1, '2025-10-04 07:10:44', '2025-10-04 07:10:44'),
(4, 'Proposal Sent', 1, '2025-10-04 07:10:44', '2025-10-04 07:10:44'),
(5, 'Negotiation', 1, '2025-10-04 07:10:44', '2025-10-04 07:10:44'),
(6, 'Closed Win', 1, '2025-10-04 07:10:44', '2025-10-05 07:37:25'),
(7, 'Closed Lost', 1, '2025-10-04 07:10:44', '2025-10-04 07:10:44'),
(8, 'Busy', 7, '2025-10-05 11:42:04', '2025-10-05 11:42:04'),
(9, 'No Response', 7, '2025-10-05 11:43:11', '2025-10-05 11:43:11'),
(10, 'Swith Of', 7, '2025-10-05 11:43:38', '2025-10-05 11:43:38');

-- --------------------------------------------------------

--
-- Table structure for table `users`
--

CREATE TABLE `users` (
  `id` bigint(20) UNSIGNED NOT NULL,
  `name` varchar(255) NOT NULL,
  `email` varchar(255) NOT NULL,
  `email_verified_at` timestamp NULL DEFAULT NULL,
  `password` varchar(255) NOT NULL,
  `role` enum('admin','user') NOT NULL DEFAULT 'user',
  `remember_token` varchar(100) DEFAULT NULL,
  `created_at` timestamp NULL DEFAULT NULL,
  `updated_at` timestamp NULL DEFAULT NULL
) ENGINE=InnoDB DEFAULT CHARSET=utf8mb4 COLLATE=utf8mb4_unicode_ci;

--
-- Dumping data for table `users`
--

INSERT INTO `users` (`id`, `name`, `email`, `email_verified_at`, `password`, `role`, `remember_token`, `created_at`, `updated_at`) VALUES
(1, 'Admin User', 'admin@example.com', '2025-10-04 07:10:43', '$2y$12$9dClPmeYSBd37NdRLiG.YeQBDwlFEDA1yNXa/JGNNmKFFNVSQgxUG', 'admin', 'g6YPVcZbqjOknyNUbBdQmw5ybx0M00bvtPQp74sMbCWudQWF8NsNouQDuAor', '2025-10-04 07:10:44', '2025-10-04 07:10:44'),
(2, 'Regular User', 'user@example.com', '2025-10-04 07:10:44', '$2y$12$9dClPmeYSBd37NdRLiG.YeQBDwlFEDA1yNXa/JGNNmKFFNVSQgxUG', 'user', 'G3WCpdkXsti0K90JiswGcisyU1e00CZ4VZpcxZz7LL83YLFwPOkx7zmpknUv', '2025-10-04 07:10:44', '2025-10-04 07:10:44'),
(7, 'Cr Asiya', 'asiyanibizislam@gmail.com', NULL, '$2y$12$BY46cE1r.99kVVVXZn4Cye/mZ80oVHksLlE5UlRVSz3ooE1kTFv1e', 'user', NULL, '2025-10-05 11:20:58', '2025-10-05 11:20:58');

-- --------------------------------------------------------

--
-- Table structure for table `user_permissions`
--

CREATE TABLE `user_permissions` (
  `id` bigint(20) UNSIGNED NOT NULL,
  `user_id` bigint(20) UNSIGNED NOT NULL,
  `permission_id` bigint(20) UNSIGNED NOT NULL,
  `created_at` timestamp NULL DEFAULT NULL,
  `updated_at` timestamp NULL DEFAULT NULL
) ENGINE=InnoDB DEFAULT CHARSET=utf8mb4 COLLATE=utf8mb4_unicode_ci;

--
-- Dumping data for table `user_permissions`
--

INSERT INTO `user_permissions` (`id`, `user_id`, `permission_id`, `created_at`, `updated_at`) VALUES
(1, 7, 1, NULL, NULL),
(2, 7, 3, NULL, NULL),
(3, 7, 4, NULL, NULL),
(4, 7, 6, NULL, NULL),
(5, 7, 7, NULL, NULL),
(6, 7, 10, NULL, NULL),
(7, 7, 11, NULL, NULL),
(8, 7, 2, NULL, NULL),
(9, 7, 12, NULL, NULL),
(10, 7, 8, NULL, NULL);

--
-- Indexes for dumped tables
--

--
-- Indexes for table `cache`
--
ALTER TABLE `cache`
  ADD PRIMARY KEY (`key`);

--
-- Indexes for table `cache_locks`
--
ALTER TABLE `cache_locks`
  ADD PRIMARY KEY (`key`);

--
-- Indexes for table `failed_jobs`
--
ALTER TABLE `failed_jobs`
  ADD PRIMARY KEY (`id`),
  ADD UNIQUE KEY `failed_jobs_uuid_unique` (`uuid`);

--
-- Indexes for table `jobs`
--
ALTER TABLE `jobs`
  ADD PRIMARY KEY (`id`),
  ADD KEY `jobs_queue_index` (`queue`);

--
-- Indexes for table `job_batches`
--
ALTER TABLE `job_batches`
  ADD PRIMARY KEY (`id`);

--
-- Indexes for table `leads`
--
ALTER TABLE `leads`
  ADD PRIMARY KEY (`id`),
  ADD KEY `leads_service_id_foreign` (`service_id`),
  ADD KEY `leads_status_id_foreign` (`status_id`),
  ADD KEY `leads_assigned_user_id_foreign` (`assigned_user_id`),
  ADD KEY `leads_created_by_foreign` (`created_by`);

--
-- Indexes for table `lead_details`
--
ALTER TABLE `lead_details`
  ADD PRIMARY KEY (`id`),
  ADD KEY `lead_details_lead_id_foreign` (`lead_id`),
  ADD KEY `lead_details_created_by_foreign` (`created_by`),
  ADD KEY `lead_details_assigned_to_foreign` (`assigned_to`);

--
-- Indexes for table `migrations`
--
ALTER TABLE `migrations`
  ADD PRIMARY KEY (`id`);

--
-- Indexes for table `password_reset_tokens`
--
ALTER TABLE `password_reset_tokens`
  ADD PRIMARY KEY (`email`);

--
-- Indexes for table `permissions`
--
ALTER TABLE `permissions`
  ADD PRIMARY KEY (`id`),
  ADD UNIQUE KEY `permissions_module_action_unique` (`module`,`action`);

--
-- Indexes for table `services`
--
ALTER TABLE `services`
  ADD PRIMARY KEY (`id`),
  ADD KEY `services_created_by_foreign` (`created_by`);

--
-- Indexes for table `sessions`
--
ALTER TABLE `sessions`
  ADD PRIMARY KEY (`id`),
  ADD KEY `sessions_user_id_index` (`user_id`),
  ADD KEY `sessions_last_activity_index` (`last_activity`);

--
-- Indexes for table `statuses`
--
ALTER TABLE `statuses`
  ADD PRIMARY KEY (`id`),
  ADD KEY `statuses_created_by_foreign` (`created_by`);

--
-- Indexes for table `users`
--
ALTER TABLE `users`
  ADD PRIMARY KEY (`id`),
  ADD UNIQUE KEY `users_email_unique` (`email`);

--
-- Indexes for table `user_permissions`
--
ALTER TABLE `user_permissions`
  ADD PRIMARY KEY (`id`),
  ADD UNIQUE KEY `user_permissions_user_id_permission_id_unique` (`user_id`,`permission_id`),
  ADD KEY `user_permissions_permission_id_foreign` (`permission_id`);

--
-- AUTO_INCREMENT for dumped tables
--

--
-- AUTO_INCREMENT for table `failed_jobs`
--
ALTER TABLE `failed_jobs`
  MODIFY `id` bigint(20) UNSIGNED NOT NULL AUTO_INCREMENT;

--
-- AUTO_INCREMENT for table `jobs`
--
ALTER TABLE `jobs`
  MODIFY `id` bigint(20) UNSIGNED NOT NULL AUTO_INCREMENT;

--
-- AUTO_INCREMENT for table `leads`
--
ALTER TABLE `leads`
  MODIFY `id` bigint(20) UNSIGNED NOT NULL AUTO_INCREMENT, AUTO_INCREMENT=184;

--
-- AUTO_INCREMENT for table `lead_details`
--
ALTER TABLE `lead_details`
  MODIFY `id` bigint(20) UNSIGNED NOT NULL AUTO_INCREMENT, AUTO_INCREMENT=89;

--
-- AUTO_INCREMENT for table `migrations`
--
ALTER TABLE `migrations`
  MODIFY `id` int(10) UNSIGNED NOT NULL AUTO_INCREMENT, AUTO_INCREMENT=16;

--
-- AUTO_INCREMENT for table `permissions`
--
ALTER TABLE `permissions`
  MODIFY `id` bigint(20) UNSIGNED NOT NULL AUTO_INCREMENT, AUTO_INCREMENT=13;

--
-- AUTO_INCREMENT for table `services`
--
ALTER TABLE `services`
  MODIFY `id` bigint(20) UNSIGNED NOT NULL AUTO_INCREMENT, AUTO_INCREMENT=11;

--
-- AUTO_INCREMENT for table `statuses`
--
ALTER TABLE `statuses`
  MODIFY `id` bigint(20) UNSIGNED NOT NULL AUTO_INCREMENT, AUTO_INCREMENT=11;

--
-- AUTO_INCREMENT for table `users`
--
ALTER TABLE `users`
  MODIFY `id` bigint(20) UNSIGNED NOT NULL AUTO_INCREMENT, AUTO_INCREMENT=8;

--
-- AUTO_INCREMENT for table `user_permissions`
--
ALTER TABLE `user_permissions`
  MODIFY `id` bigint(20) UNSIGNED NOT NULL AUTO_INCREMENT, AUTO_INCREMENT=11;

--
-- Constraints for dumped tables
--

--
-- Constraints for table `leads`
--
ALTER TABLE `leads`
  ADD CONSTRAINT `leads_assigned_user_id_foreign` FOREIGN KEY (`assigned_user_id`) REFERENCES `users` (`id`),
  ADD CONSTRAINT `leads_created_by_foreign` FOREIGN KEY (`created_by`) REFERENCES `users` (`id`),
  ADD CONSTRAINT `leads_service_id_foreign` FOREIGN KEY (`service_id`) REFERENCES `services` (`id`),
  ADD CONSTRAINT `leads_status_id_foreign` FOREIGN KEY (`status_id`) REFERENCES `statuses` (`id`);

--
-- Constraints for table `lead_details`
--
ALTER TABLE `lead_details`
  ADD CONSTRAINT `lead_details_assigned_to_foreign` FOREIGN KEY (`assigned_to`) REFERENCES `users` (`id`) ON DELETE SET NULL,
  ADD CONSTRAINT `lead_details_created_by_foreign` FOREIGN KEY (`created_by`) REFERENCES `users` (`id`),
  ADD CONSTRAINT `lead_details_lead_id_foreign` FOREIGN KEY (`lead_id`) REFERENCES `leads` (`id`) ON DELETE CASCADE;

--
-- Constraints for table `services`
--
ALTER TABLE `services`
  ADD CONSTRAINT `services_created_by_foreign` FOREIGN KEY (`created_by`) REFERENCES `users` (`id`);

--
-- Constraints for table `statuses`
--
ALTER TABLE `statuses`
  ADD CONSTRAINT `statuses_created_by_foreign` FOREIGN KEY (`created_by`) REFERENCES `users` (`id`);

--
-- Constraints for table `user_permissions`
--
ALTER TABLE `user_permissions`
  ADD CONSTRAINT `user_permissions_permission_id_foreign` FOREIGN KEY (`permission_id`) REFERENCES `permissions` (`id`) ON DELETE CASCADE,
  ADD CONSTRAINT `user_permissions_user_id_foreign` FOREIGN KEY (`user_id`) REFERENCES `users` (`id`) ON DELETE CASCADE;
COMMIT;

/*!40101 SET CHARACTER_SET_CLIENT=@OLD_CHARACTER_SET_CLIENT */;
/*!40101 SET CHARACTER_SET_RESULTS=@OLD_CHARACTER_SET_RESULTS */;
/*!40101 SET COLLATION_CONNECTION=@OLD_COLLATION_CONNECTION */;
